LSL,Harp
1211119.3995295,4784.321504
1211120.2574519,4785.179488
1211120.4603892,4785.382496
1211120.4923856,4785.414496
1211121.2723012,4786.194496
1211121.7185119,4786.641504
1211121.8423881,4786.76448
1211122.4454911,4787.36848
1211122.8513693,4787.773504
1211123.8503571,4788.77248
1211124.1334281,4789.055488
1211124.3763332,4789.298496
1211124.4915708,4789.414496
1211125.3283347,4790.250496
1211125.5612405,4790.483488
1211126.389313,4791.31248
1211126.4143604,4791.33648
1211126.8244406,4791.747488
1211127.0862554,4792.00848
1211127.3214398,4792.24448
1211128.1503006,4793.07248
1211128.9692328,4793.891488
1211129.0702675,4793.99248
1211129.555277,4794.477504
1211129.5682627,4794.491488
1211130.4912677,4795.413504
1211131.4782034,4796.40048
1211132.3982037,4797.32048
1211133.2502648,4798.173504
1211134.1881964,4799.110496
1211134.21409,4799.13648
1211134.2371373,4799.15648
1211135.0173588,4799.94048
1211135.1330773,4800.055488
1211136.1051831,4801.027488
1211137.0071951,4801.930496
1211137.6021019,4802.52448
1211138.0241274,4802.946496
1211138.8461428,4803.76848
1211139.1021269,4804.025504
1211139.6171487,4804.539488
1211140.2240805,4805.147488
1211140.8819717,4805.80448
1211141.4339968,4806.35648
1211142.2889803,4807.21248
1211142.3870211,4807.309504
1211143.0400993,4807.962496
1211143.6169866,4808.539488
1211143.7421173,4808.66448
1211144.0901127,4809.013504
1211144.2930093,4809.21648
1211145.041004,4809.963488
1211145.8669505,4810.789504
1211146.525018,4811.447488
1211147.3078858,4812.230496
1211148.1348741,4813.057504
1211148.8838643,4813.806496
1211149.6020109,4814.52448
1211149.6238378,4814.546496
1211150.4838193,4815.406496
1211150.9498691,4815.87248
1211151.1629485,4816.085504
1211151.932852,4816.855488
1211152.3978427,4817.32048
1211153.3849986,4818.30848
1211153.6477775,4818.570496
1211154.1008785,4819.023488
1211154.1168365,4819.039488
1211154.9907732,4819.914496
1211155.3357585,4820.258496
1211155.5967452,4820.519488
1211156.1957728,4821.118496
1211156.7877435,4821.711488
1211157.7867711,4822.710496
1211158.5228493,4823.446496
1211158.7567523,4823.679488
1211158.9328831,4823.855488
1211159.4977705,4824.42048
1211160.1327364,4825.055488
1211161.0706453,4825.993504
1211161.3486676,4826.27248
1211161.7557583,4826.679488
1211162.5747483,4827.498496
1211163.0837657,4828.007488
1211163.8346256,4828.758496
1211164.1186762,4829.042496
1211164.304602,4829.227488
1211164.4395227,4829.362496
1211164.7844921,4829.707488
1211164.9316691,4829.855488
1211165.0875471,4830.010496
1211165.9595676,4830.882496
1211166.3834993,4831.306496
1211167.3356268,4832.258496
1211168.133547,4833.05648
1211168.4306185,4833.353504
1211169.2735055,4834.19648
1211169.4594711,4834.383488
1211170.037574,4834.96048
1211170.6325929,4835.555488
1211171.2774797,4836.20048
1211171.9275343,4836.851488
1211172.6514311,4837.574496
1211173.4443755,4838.367488
1211173.5503616,4838.473504
1211174.1473526,4839.070496
1211174.3033512,4839.226496
1211175.1324196,4840.055488
1211176.0553083,4840.978496
1211176.6173026,4841.54048
1211177.2812856,4842.20448
1211177.4803676,4842.403488
1211177.5693602,4842.49248
1211177.6683705,4842.591488
1211178.2593015,4843.182496
1211178.320224,4843.243488
1211178.7262635,4843.649504
1211178.9943088,4843.918496
1211179.7102624,4844.633504
1211180.4142841,4845.337504
1211180.4922239,4845.415488
1211180.8361572,4845.759488
1211181.5061557,4846.429504
1211182.2371419,4847.16048
1211182.4142874,4847.337504
1211182.8081186,4847.731488
1211183.0071819,4847.930496
1211183.6482393,4848.57248
1211183.8511808,4848.774496
1211184.3052584,4849.22848
1211184.6952737,4849.618496
1211185.6872478,4850.610496
1211186.6812316,4851.60448
1211186.7260984,4851.649504
1211187.0320677,4851.955488
1211187.6521328,4852.575488
1211188.3511828,4853.274496
1211188.387142,4853.310496
1211188.8040302,4853.727488
1211188.9582334,4853.882496
1211189.0921422,4854.015488
1211189.4490984,4854.37248
1211189.6482189,4854.57248
1211190.4451654,4855.36848
1211190.9530894,4855.87648
1211191.9160322,4856.839488
1211192.7031357,4857.626496
1211193.0309713,4857.954496
1211193.3980769,4858.321504
1211194.1540311,4859.077504
1211195.0550719,4859.978496
1211195.6509662,4860.574496
1211196.1319878,4861.055488
1211197.0079781,4861.931488
1211197.5260469,4862.449504
1211197.8369719,4862.76048
1211198.8410228,4863.76448
1211199.8398748,4864.763488
1211200.4469054,4865.370496
1211201.1658384,4866.089504
1211201.582993,4866.507488
1211202.1149171,4867.038496
1211202.742941,4867.666496
1211203.2290032,4868.153504
1211203.4010968,4868.325504
1211204.0749188,4868.998496
1211204.2758569,4869.20048
1211204.3200014,4869.24448
1211205.125788,4870.049504
1211206.1008374,4871.02448
1211206.4680113,4871.39248
1211206.8418934,4871.765504
1211207.6958435,4872.619488
1211208.270984,4873.195488
1211208.8668014,4873.791488
1211209.6018246,4874.525504
1211209.7447895,4874.66848
1211210.619706,4875.543488
1211210.8507037,4875.774496
1211211.0776369,4876.001504
1211211.6868017,4876.611488
1211212.5548042,4877.479488
1211212.8338357,4877.758496
1211213.3047972,4878.22848
1211213.855631,4878.779488
1211214.6527729,4879.57648
1211215.1698661,4880.094496
1211215.302721,4880.226496
1211215.8516638,4880.775488
1211216.85451,4881.778496
1211217.4905166,4882.414496
1211218.211596,4883.135488
1211218.6315659,4883.555488
1211219.3355384,4884.259488
1211220.0854695,4885.009504
1211220.705501,4885.629504
1211221.435541,4886.359488
1211222.150394,4887.074496
1211222.7735812,4887.697504
1211223.609493,4888.533504
1211224.372554,4889.29648
1211225.1034894,4890.02848
1211225.6495223,4890.574496
1211226.0544639,4890.979488
1211226.4454577,4891.369504
1211226.9734843,4891.898496
1211227.7253826,4892.649504
1211228.6425534,4893.567488
1211228.9223838,4893.846496
1211229.7123199,4894.63648
1211229.8834232,4894.807488
1211230.0263297,4894.950496
1211230.8034155,4895.727488
1211231.1953638,4896.119488
1211231.3092781,4896.233504
1211231.8574467,4896.781504
1211232.1014317,4897.025504
1211232.2732688,4897.197504
1211233.2353027,4898.159488
1211233.6154706,4898.54048
1211233.7892973,4898.713504
1211233.8683091,4898.79248
1211234.3854173,4899.310496
1211235.195373,4900.119488
1211235.5541926,4900.478496
1211236.2112899,4901.135488
1211237.165228,4902.089504
1211237.3211828,4902.245504
1211238.1630988,4903.087488
1211239.1481906,4904.07248
1211240.1492557,4905.073504
1211240.5691949,4905.493504
1211240.8191085,4905.743488
1211241.2301031,4906.154496
1211241.6841116,4906.60848
1211242.5692247,4907.494496
1211242.8971944,4907.821504
1211243.7970399,4908.721504
1211243.8650797,4908.790496
1211243.8860798,4908.810496
1211243.9480545,4908.87248
1211244.5551305,4909.479488
1211245.4189722,4910.343488
1211246.1681235,4911.09248
1211246.9950513,4911.919488
1211247.4910227,4912.41648
1211248.4290388,4913.354496
1211248.4709104,4913.395488
1211249.0759488,4914.00048
1211249.2732253,4914.198496
1211249.658062,4914.583488
1211250.2179526,4915.142496
1211250.9860329,4915.910496
1211251.2349742,4916.159488
1211251.8971146,4916.822496
1211252.6019135,4917.526496
1211252.8349349,4917.76048
1211253.5699358,4918.495488
1211253.6319014,4918.55648
1211254.3818728,4919.306496
1211254.9589395,4919.88448
1211255.5628731,4920.48848
1211255.6389007,4920.56448
1211255.947918,4920.87248
1211256.7448995,4921.670496
1211257.5078652,4922.43248
1211258.4108716,4923.335488
1211258.7808959,4923.706496
1211259.7257992,4924.650496
1211259.9608978,4924.885504
1211260.1948214,4925.12048
1211260.5588437,4925.48448
1211260.6628764,4925.58848
1211261.6148514,4926.54048
1211261.9448865,4926.870496
1211262.5197161,4927.44448
1211262.7369067,4927.662496
1211263.4997432,4928.42448
1211264.4836774,4929.40848
1211265.3397503,4930.26448
1211266.0607851,4930.985504
1211266.9905824,4931.915488
1211267.5426018,4932.467488
1211268.1806668,4933.105504
1211268.7996169,4933.72448
1211269.2335948,4934.158496
1211269.8865493,4934.811488
1211270.881573,4935.806496
1211271.6365579,4936.561504
1211272.3995356,4937.32448
1211273.0556048,4937.98048
1211273.6496633,4938.574496
1211274.5016283,4939.426496
1211274.8305104,4939.755488
1211275.2637892,4940.189504
1211275.7424747,4940.667488
1211276.2746777,4941.20048
1211276.8365557,4941.761504
1211277.7893759,4942.714496
1211277.8713779,4942.79648
1211278.48044685,4943.405504
1211279.05637435,4943.981504
1211279.14747445,4944.07248
1211279.54134275,4944.466496
1211280.52250935,4945.447488
1211280.56038905,4945.485504
1211281.02136865,4945.946496
1211281.84944115,4946.775488
1211282.79548115,4947.72048
1211282.90333075,4947.82848
1211283.38836015,4948.313504
1211283.85039535,4948.775488
1211284.60135275,4949.526496
1211284.81335615,4949.739488
1211284.84526845,4949.770496
1211285.49721985,4950.422496
1211285.55533025,4950.48048
1211285.99217695,4950.917504
1211286.69826505,4951.623488
1211287.07222245,4951.997504
1211287.17935155,4952.10448
1211288.08337305,4953.009504
1211288.73115835,4953.65648
1211288.91425695,4953.839488
1211289.49316835,4954.418496
1211290.13420435,4955.059488
1211290.65630925,4955.581504
1211291.43336295,4956.359488
1211291.94918225,4956.874496
1211292.80328325,4957.729504
1211292.84612785,4957.771488
1211293.51311875,4958.438496
1211294.32207995,4959.247488
1211295.24914685,4960.174496
1211295.49109515,4960.41648
1211295.64816325,4960.573504
1211296.49214995,4961.417504
1211296.66310275,4961.58848
1211297.34397155,4962.269504
1211297.93417335,4962.859488
1211298.91312505,4963.838496
1211299.75196715,4964.677504
1211299.81605675,4964.741504
1211300.45693795,4965.382496
1211300.74505345,4965.670496
1211300.94392905,4965.869504
1211301.80393275,4966.729504
1211302.44492945,4967.370496
1211302.75694765,4967.682496
1211303.55392355,4968.479488
1211303.97703045,4968.902496
1211304.08487975,4969.010496
1211304.95196955,4969.878496
1211305.54094785,4970.467488
1211306.51097125,4971.437504
1211307.22689195,4972.15248
1211308.16195025,4973.08848
1211309.08989835,4974.01648
1211309.91294445,4974.839488
1211310.26791015,4975.194496
1211310.78276605,4975.70848
1211311.46292185,4976.38848
1211311.79378545,4976.719488
1211311.88279465,4976.80848
1211311.96687125,4976.89248
1211312.77588665,4977.702496
1211313.43276015,4978.358496
1211314.27377475,4979.199488
1211315.24475545,4980.170496
1211316.13178515,4981.058496
1211316.96065135,4981.886496
1211317.85264485,4982.778496
1211318.63366815,4983.559488
1211318.75760625,4983.683488
1211319.15376445,4984.08048
1211319.42971715,4984.355488
1211320.27371915,4985.199488
1211321.27474325,4986.201504
1211322.16759445,4987.093504
1211322.54365505,4987.469504
1211323.33571565,4988.262496
1211324.21952415,4989.145504
1211324.70048755,4989.626496
1211325.43446485,4990.36048
1211325.85740905,4990.783488
1211326.78956565,4991.715488
1211327.60144685,4992.527488
1211327.83459575,4992.761504
1211328.79047305,4993.71648
1211329.33049385,4994.25648
1211329.54145915,4994.467488
1211330.46338355,4995.389504
1211330.80532855,4995.731488
1211331.13351195,4996.059488
1211331.21440915,4996.14048
1211331.52345155,4996.449504
1211332.03839635,4996.96448
1211333.02838205,4997.954496
1211333.60234605,4998.52848
1211334.09235465,4999.018496
1211334.6314084,4999.557504
1211334.6533275,4999.579488
1211335.336385,5000.262496
1211335.7573989,5000.683488
1211336.7364217,5001.662496
1211337.2685321,5002.195488
1211337.5984247,5002.52448
1211338.3394203,5003.266496
1211338.5443564,5003.471488
1211339.2413478,5004.167488
1211340.1362716,5005.062496
1211341.0853703,5006.01248
1211341.1202108,5006.046496
1211341.570245,5006.49648
1211342.140158,5007.066496
1211342.7882119,5007.714496
1211342.9992773,5007.925504
1211343.601176,5008.527488
1211344.2811828,5009.207488
1211344.4232776,5009.349504
1211345.4222758,5010.34848
1211345.8571564,5010.783488
1211346.7461304,5011.67248
1211347.1791807,5012.105504
1211347.8681594,5012.794496
1211348.7763176,5013.703488
1211349.3361318,5014.262496
1211349.7901299,5014.71648
1211349.8461505,5014.77248
1211349.9320547,5014.858496
1211350.7140476,5015.64048
1211351.5701673,5016.497504
1211352.0070002,5016.933504
1211352.4341232,5017.36048
1211353.2771568,5018.20448
1211354.0533288,5018.98048
1211354.2421009,5019.16848
1211354.3221031,5019.24848
1211355.0939798,5020.02048
1211355.9850173,5020.911488
1211356.5889607,5021.51648
1211356.666896,5021.593504
1211356.6951317,5021.622496
1211356.9590418,5021.886496
1211357.615984,5022.543488
1211357.8829962,5022.810496
1211358.7881401,5023.715488
1211359.6959418,5024.622496
1211360.4790746,5025.406496
1211360.9158615,5025.842496
1211361.0307592,5025.957504
1211361.9448009,5026.871488
1211362.2667846,5027.193504
1211362.6947698,5027.621504
1211363.1887312,5028.115488
1211363.29568,5028.222496
1211363.4186915,5028.345504
1211363.6807565,5028.607488
1211364.4157425,5029.342496
1211364.4926971,5029.419488
1211365.4877128,5030.414496
1211366.3756729,5031.302496
1211367.0756921,5032.002496
1211367.1946747,5032.121504
1211368.1356189,5033.062496
1211368.1646968,5033.091488
1211368.6956274,5033.622496
1211369.320615,5034.247488
1211369.9296513,5034.85648
1211370.7246219,5035.651488
1211371.1955736,5036.122496
1211371.3365611,5036.263488
1211372.1845676,5037.111488
1211372.9615771,5037.88848
1211373.5075621,5038.434496
1211374.4505627,5039.377504
1211374.8685495,5039.795488
1211375.5065564,5040.433504
1211376.3084857,5041.235488
1211376.7295174,5041.65648
1211377.7275134,5042.655488
1211378.3814637,5043.30848
1211379.0534734,5043.98048
1211379.6834853,5044.610496
1211380.665417,5045.59248
1211381.5413985,5046.46848
1211382.1004122,5047.027488
1211383.1134761,5048.041504
1211384.0483461,5048.975488
1211384.7803446,5049.707488
1211385.4343785,5050.361504
1211386.3702955,5051.297504
1211386.7162316,5051.643488
1211387.4163301,5052.343488
1211388.3354228,5053.262496
1211389.0543169,5053.981504
1211389.4385112,5054.366496
1211390.3392182,5055.266496
1211390.6662745,5055.593504
1211391.2902831,5056.218496
1211392.04125055,5056.96848
1211392.33729105,5057.26448
1211392.64028075,5057.567488
1211393.63619085,5058.563488
1211394.61921895,5059.546496
1211395.60222155,5060.529504
1211395.68225115,5060.610496
1211396.22436745,5061.15248
1211397.13311175,5062.06048
1211397.69814135,5062.625504
1211398.39821965,5063.325504
1211398.89713575,5063.82448
1211399.37602985,5064.303488
1211399.70008915,5064.627488
1211399.77206125,5064.699488
1211400.11811025,5065.045504
1211400.33512645,5065.262496
1211400.43420175,5065.361504
1211400.57016095,5065.498496
1211400.63508105,5065.562496
1211401.11507185,5066.043488
1211401.64714305,5066.575488
1211402.33718105,5067.265504
1211403.22406575,5068.15248
1211403.36610525,5068.293504
1211403.90118345,5068.829504
1211404.69498475,5069.622496
1211404.85597635,5069.783488
1211405.73203755,5070.66048
1211406.55797785,5071.485504
1211407.11512195,5072.043488
1211407.64702425,5072.575488
1211407.95907275,5072.887488
1211408.13102415,5073.059488
1211408.80894755,5073.73648
1211409.52190515,5074.449504
1211409.89696095,5074.82448
1211410.59082285,5075.518496
1211411.23291735,5076.16048
1211411.24185145,5076.169504
1211412.04786015,5076.975488
1211412.06493895,5076.99248
1211412.17185445,5077.099488
1211412.55784775,5077.485504
1211412.60186775,5077.529504
1211412.77183225,5077.699488
1211413.25983945,5078.187488
1211413.27379715,5078.201504
1211413.90674505,5078.834496
1211414.49089465,5079.419488
1211415.00590105,5079.934496
1211415.31013825,5080.237504
1211416.07270195,5081.00048
1211416.33777955,5081.265504
1211416.47471625,5081.402496
1211416.71685415,5081.64448
1211417.32374115,5082.251488
1211417.74772275,5082.675488
1211418.60873795,5083.53648
1211419.06974315,5083.997504
1211419.26669685,5084.194496
1211420.19468755,5085.122496
1211420.87065135,5085.798496
1211420.94670555,5085.874496
1211421.95411495,5086.881504
1211422.12578085,5087.053504
1211422.30470595,5087.23248
1211422.61269815,5087.54048
1211423.27459585,5088.202496
1211423.63457085,5088.562496
1211424.60457645,5089.53248
1211425.15276145,5090.08048
1211425.60358885,5090.531488
1211425.74058955,5090.66848
1211426.02263895,5090.950496
1211426.50058035,5091.42848
1211426.91555965,5091.843488
1211427.22753925,5092.155488
1211428.07050595,5092.998496
1211429.03857055,5093.967488
1211429.10152675,5094.029504
1211429.88147835,5094.809504
1211430.42057915,5095.34848
1211430.71459855,5095.643488
1211431.03665885,5095.965504
1211431.32247695,5096.250496
1211432.08657305,5097.015488
1211432.14853485,5097.07648
1211432.19449545,5097.122496
1211432.64149565,5097.569504
1211432.75146885,5097.679488
1211433.69951685,5098.627488
1211434.52253025,5099.450496
1211434.72537215,5099.653504
1211435.56544385,5100.493504
1211436.43541305,5101.363488
1211436.78744795,5101.715488
1211436.81936225,5101.747488
1211437.21846865,5102.146496
1211438.09238985,5103.02048
1211439.08747175,5104.015488
1211439.27539385,5104.20448
1211439.63838655,5104.566496
1211439.90232595,5104.830496
1211440.52231635,5105.450496
1211441.48946395,5106.418496
1211442.33638185,5107.26448
1211442.98429375,5107.91248
1211443.98034435,5108.90848
1211444.65329835,5109.581504
1211445.47722805,5110.405504
1211445.79321255,5110.721504
1211446.38236745,5111.311488
1211447.29342485,5112.222496
1211447.70011265,5112.62848
1211448.10533055,5113.033504
1211448.51328055,5113.441504
1211448.89641545,5113.825504
1211449.66816655,5114.59648
1211450.39623485,5115.325504
1211450.82437365,5115.753504
1211450.96016405,5115.88848
1211451.22715885,5116.15648
1211451.46741235,5116.39648
1211451.71728755,5116.645504
1211451.74612905,5116.675488
1211452.46015125,5117.389504
1211452.72817785,5117.657504
1211453.04025905,5117.96848
1211453.45114235,5118.379488
1211453.57008955,5118.498496
1211453.96107245,5118.889504
1211454.88529215,5119.813504
1211455.85518185,5120.78448
1211456.82317735,5121.75248
1211457.69599495,5122.62448
1211458.13217675,5123.061504
1211458.39618045,5123.325504
1211459.08692905,5124.015488
1211459.45001745,5124.378496
1211459.88496835,5124.813504
1211460.01312555,5124.942496
1211460.07498155,5125.003488
1211460.44590715,5125.374496
1211461.07493465,5126.003488
1211461.88692235,5126.815488
1211462.26389275,5127.19248
1211463.18799785,5128.11648
1211463.97489375,5128.903488
1211464.39780525,5129.326496
1211464.88501505,5129.813504
1211465.86805025,5130.797504
1211466.15088825,5131.079488
1211466.82396745,5131.75248
1211467.28788635,5132.217504
1211468.16687125,5133.095488
1211469.08679445,5134.015488
1211469.21178145,5134.14048
1211469.22471455,5134.153504
1211469.82672915,5134.755488
1211470.08785055,5135.01648
1211470.68987695,5135.618496
1211471.02384755,5135.95248
1211471.63280615,5136.561504
1211472.20481155,5137.133504
1211472.63869535,5137.567488
1211473.03073165,5137.959488
1211473.65181845,5138.58048
1211474.58571745,5139.514496
1211475.13265215,5140.061504
1211476.11779925,5141.046496
1211476.26461765,5141.193504
1211476.96559895,5141.894496
1211477.38163615,5142.310496
1211477.67860875,5142.607488
1211477.99064985,5142.919488
1211478.07661805,5143.005504
1211478.97857605,5143.907488
1211479.60168165,5144.530496
1211480.05864225,5144.987488
1211480.71257205,5145.642496
1211481.50556135,5146.435488
1211481.99060405,5146.92048
1211482.88259355,5147.811488
1211483.82150835,5148.750496
1211483.96251915,5148.891488
1211484.07348125,5149.002496
1211484.32451875,5149.253504
1211484.83744135,5149.766496
1211484.94852075,5149.877504
1211485.91449525,5150.843488
1211486.22948935,5151.158496
1211486.48152735,5151.410496
1211486.56959535,5151.499488
1211486.67955975,5151.60848
1211487.52939785,5152.458496
1211488.32148845,5153.250496
1211488.78848425,5153.717504
1211489.60441135,5154.533504
1211489.79041085,5154.72048
1211490.21042315,5155.139488
1211490.97232355,5155.901504
1211491.96230405,5156.891488
1211492.21433015,5157.143488
1211492.67031315,5157.599488
1211493.00631435,5157.935488
1211493.28738075,5158.217504
1211494.16335275,5159.093504
1211494.53934355,5159.469504
1211494.70841965,5159.638496
1211495.52048135,5160.449504
1211495.54537915,5160.474496
1211496.05939205,5160.98848
1211496.63427015,5161.563488
1211497.56925665,5162.498496
1211498.04233505,5162.97248
1211498.16824485,5163.098496
1211498.62129615,5163.550496
1211499.29431735,5164.22448
1211499.71232035,5164.642496
1211500.03725815,5164.967488
1211500.17942255,5165.109504
1211500.30324495,5165.233504
1211501.14722185,5166.077504
1211501.74216905,5166.671488
1211502.41404335,5167.343488
1211503.31216715,5168.241504
1211503.92818725,5168.858496
1211504.25732415,5169.187488
1211504.72823815,5169.658496
1211505.24125425,5170.171488
1211505.86716205,5170.79648
1211505.97016735,5170.899488
1211506.39814675,5171.32848
1211506.44497525,5171.374496
1211507.35202035,5172.281504
1211508.16716255,5173.09648
1211508.39803605,5173.327488
1211508.83500525,5173.76448
1211509.43003515,5174.359488
1211510.30699225,5175.23648
1211510.55501265,5175.48448
1211511.44910745,5176.379488
1211511.80315235,5176.733504
1211512.11502825,5177.045504
1211513.05695605,5177.986496
1211513.85092755,5178.78048
1211514.54689365,5179.47648
1211514.70404045,5179.633504
1211515.33587735,5180.265504
1211516.0689622,5180.998496
1211516.4129749,5181.342496
1211517.2228112,5182.15248
1211517.6107802,5182.54048
1211518.4748372,5183.40448
1211518.7607737,5183.690496
1211519.3968315,5184.326496
1211519.5669262,5184.49648
1211520.2398977,5185.169504
1211521.016825,5185.946496
1211521.4678036,5186.397504
1211522.1368228,5187.067488
1211522.6937126,5187.623488
1211523.615763,5188.545504
1211524.2757116,5189.205504
1211524.4676554,5189.397504
1211525.4026876,5190.33248
1211525.4916719,5190.421504
1211526.0387454,5190.96848
1211526.0767288,5191.007488
1211526.751592,5191.681504
1211527.6475736,5192.577504
1211527.6635362,5192.593504
1211527.7436789,5192.673504
1211528.3087432,5193.238496
1211528.3846729,5193.315488
1211528.6517272,5193.581504
1211529.4296724,5194.359488
1211529.9616529,5194.891488
1211530.6195893,5195.549504
1211531.5087591,5196.439488
1211531.7116376,5196.642496
1211532.1785306,5197.10848
1211532.8745979,5197.80448
1211533.6155526,5198.545504
1211533.8065015,5198.73648
1211534.634555,5199.56448
1211535.3375336,5200.267488
1211535.9006513,5200.830496
1211536.6645833,5201.594496
1211536.9485763,5201.878496
1211537.6064792,5202.53648
1211538.1655257,5203.095488
1211538.8374437,5203.767488
1211538.9945287,5203.92448
1211539.1994703,5204.129504
1211539.8984096,5204.82848
1211540.8824886,5205.81248
1211541.5864583,5206.51648
1211541.7103933,5206.64048
1211542.71930525,5207.649504
1211543.42832635,5208.358496
1211543.58936115,5208.519488
1211543.72746815,5208.657504
1211544.71027665,5209.64048
1211545.53785815,5210.46848
1211545.86841825,5210.798496
1211546.60127995,5211.53248
1211547.44427385,5212.375488
1211548.24032405,5213.171488
1211548.25630425,5213.186496
1211549.13635985,5214.067488
1211549.76226485,5214.69248
1211549.79417165,5214.72448
1211550.69816415,5215.62848
1211550.94819155,5215.878496
1211551.16524595,5216.09648
1211552.03629005,5216.967488
1211552.20922505,5217.14048
1211552.67955765,5217.610496
1211553.05428725,5217.985504
1211553.29916575,5218.230496
1211553.82724485,5218.758496
1211554.60417615,5219.534496
1211555.36712665,5220.297504
1211555.39509305,5220.325504
1211555.73832885,5220.669504
1211556.09614015,5221.026496
1211557.02304805,5221.953504
1211557.38503125,5222.315488
1211557.77204505,5222.702496
1211558.06999725,5223.00048
1211558.15000405,5223.08048
1211558.57001525,5223.50048
1211559.23600605,5224.166496
1211559.41299755,5224.343488
1211559.47699605,5224.407488
1211559.82002425,5224.750496
1211560.54301155,5225.473504
1211561.46198555,5226.39248
1211562.32105815,5227.251488
1211562.42806305,5227.359488
1211563.30693605,5228.237504
1211564.09304735,5229.023488
1211564.84292495,5229.773504
1211565.24591965,5230.17648
1211565.27193905,5230.202496
1211565.81384995,5230.74448
1211566.57889555,5231.509504
1211567.47587575,5232.406496
1211568.4759489,5233.406496
1211569.3219255,5234.25248
1211570.1368176,5235.067488
1211570.3707923,5235.301504
1211571.1319457,5236.062496
1211571.8978509,5236.82848
1211572.087897,5237.018496
1211572.474762,5237.405504
1211572.8598918,5237.790496
1211573.8198048,5238.750496
1211574.317833,5239.24848
1211575.2818999,5240.213504
1211576.0847162,5241.015488
1211576.5857062,5241.51648
1211577.007823,5241.938496
1211577.7400019,5242.671488
1211578.5549438,5243.486496
1211578.7727064,5243.703488
1211579.1567327,5244.087488
1211579.8836415,5244.814496
1211580.0897827,5245.02048
1211580.9777077,5245.90848
1211581.1445624,5246.075488
1211581.40679,5246.337504
1211582.0225928,5246.953504
1211582.3046512,5247.235488
1211582.6816878,5247.61248
1211583.4435395,5248.374496
1211583.4765754,5248.407488
1211583.8427055,5248.773504
1211584.835576,5249.766496
1211585.6646726,5250.595488
1211586.2564585,5251.187488
1211586.2876945,5251.219488
1211586.646651,5251.578496
1211587.2066105,5252.137504
1211587.6876194,5252.618496
1211588.5235322,5253.454496
1211589.1825259,5254.113504
1211590.0694812,5255.00048
1211591.0834345,5256.014496
1211591.7554637,5256.686496
1211592.7155383,5257.646496
1211593.476382,5258.407488
1211593.9195534,5258.850496
1211594.8193067,5259.750496
1211595.1165082,5260.047488
1211595.5064477,5260.437504
1211595.8805277,5260.81248
1211595.9124633,5260.843488
1211596.52232995,5261.453504
1211597.34745035,5262.279488
1211597.50449105,5262.43648
1211597.54737405,5262.479488
1211598.24742585,5263.179488
1211598.37047575,5263.302496
1211599.06331805,5263.994496
1211599.60729765,5264.538496
1211600.23123395,5265.162496
1211600.73239765,5265.66448
1211601.13434705,5266.065504
1211601.56828735,5266.50048
1211601.94436485,5266.87648
1211601.97430145,5266.906496
1211602.96020915,5267.891488
1211603.63611555,5268.567488
1211604.01036525,5268.942496
1211604.78710825,5269.718496
1211604.92820705,5269.859488
1211605.80522035,5270.73648
1211606.07208035,5271.003488
1211607.05410535,5271.985504
1211607.63418165,5272.565504
1211608.12015825,5273.051488
1211608.85312915,5273.78448
1211609.39213235,5274.323488
1211610.31127405,5275.243488
1211610.71105945,5275.642496
1211611.55714995,5276.48848
1211612.27595925,5277.207488
1211613.26198925,5278.193504
1211614.25802535,5279.189504
1211614.65597485,5279.587488
1211614.66295475,5279.594496
1211615.43014975,5280.362496
1211615.61698225,5280.54848
1211616.28915915,5281.221504
1211616.85202005,5281.783488
1211617.19597005,5282.127488
1211617.43182685,5282.363488
1211618.30290685,5283.234496
1211619.25480635,5284.186496
1211619.46586995,5284.397504
1211619.62186015,5284.553504
1211620.11682735,5285.04848
1211620.70289145,5285.634496
1211621.01381985,5285.945504
1211621.96179375,5286.893504
1211622.75779625,5287.689504
1211623.52277195,5288.454496
1211624.0578106,5288.989504
1211624.5868653,5289.518496
1211624.8377655,5289.769504
1211625.3517576,5290.283488
1211626.1167948,5291.04848
1211626.7408913,5291.67248
1211626.9937985,5291.925504
1211627.6665922,5292.598496
1211627.9928344,5292.925504
1211628.1786906,5293.110496
1211628.3827154,5293.314496
1211628.6787599,5293.610496
1211629.3986844,5294.330496
1211630.3035968,5295.235488
1211630.8366205,5295.76848
1211631.2626315,5296.194496
1211631.3115473,5296.243488
1211631.6715697,5296.603488
1211631.9326231,5296.86448
1211632.7264842,5297.658496
1211632.741551,5297.673504
1211633.5826773,5298.514496
1211634.0186755,5298.950496
1211634.934508,5299.866496
1211634.9445207,5299.87648
1211635.27444,5300.206496
1211636.040479,5300.97248
1211636.4594821,5301.391488
1211637.4704825,5302.402496
1211637.6214789,5302.553504
1211637.8374989,5302.769504
1211638.8285353,5303.76048
1211639.4445344,5304.37648
1211639.5246264,5304.45648
1211639.7255388,5304.657504
1211640.1806886,5305.11248
1211640.927652,5305.86048
1211641.8234285,5306.755488
1211642.0693664,5307.001504
1211642.2164684,5307.14848
1211643.1535581,5308.085504
1211644.1485252,5309.081504
1211644.3924526,5309.325504
1211644.5553971,5309.48848
1211644.5875007,5309.52048
1211645.1784632,5310.110496
1211645.4135059,5310.346496
1211645.7284195,5310.661504
1211646.3663675,5311.299488
1211646.4503425,5311.383488
1211646.9914554,5311.92448
1211647.9433734,5312.87648
1211648.6375185,5313.570496
1211649.6312432,5314.563488
1211650.4004517,5315.333504
1211651.1021931,5316.034496
1211651.1964348,5316.129504
1211651.523329,5316.455488
1211652.0382562,5316.970496
1211652.4972934,5317.429504
1211653.3572498,5318.289504
1211654.1971508,5319.129504
1211654.8831141,5319.815488
1211655.0661841,5319.998496
1211656.0261509,5320.958496
1211656.2581362,5321.190496
1211656.9403134,5321.873504
1211657.5830837,5322.515488
1211658.2861922,5323.219488
1211658.3750267,5323.307488
1211659.0431938,5323.975488
1211659.2001635,5324.13248
1211659.3230273,5324.255488
1211659.4492185,5324.381504
1211660.3072827,5325.239488
1211660.3230032,5325.255488
1211660.9291736,5325.861504
1211661.2191168,5326.151488
1211662.1100941,5327.042496
1211662.5300354,5327.463488
1211662.6240792,5327.55648
1211663.0890439,5328.021504
1211663.8749684,5328.807488
1211664.804944,5329.737504
1211665.4280422,5330.36048
1211665.6931031,5330.626496
1211666.0090247,5330.941504
1211666.632005,5331.56448
1211666.9430755,5331.87648
1211667.4649654,5332.397504
1211667.8269501,5332.759488
1211668.2569721,5333.189504
1211668.6489057,5333.581504
1211669.4509371,5334.383488
1211669.7289542,5334.662496
1211669.8340035,5334.767488
1211670.1648358,5335.097504
1211670.2259672,5335.158496
1211670.4428315,5335.375488
1211671.2428859,5336.175488
1211672.166877,5337.099488
1211672.7628174,5337.695488
1211673.3728617,5338.305504
1211673.9368365,5338.869504
1211674.3427918,5339.275488
1211674.7298157,5339.662496
1211675.5698041,5340.502496
1211676.1378057,5341.070496
1211676.2728388,5341.205504
1211677.02884,5341.961504
1211677.1317532,5342.06448
1211677.9616962,5342.894496
1211678.3976733,5343.330496
1211678.4916889,5343.42448
1211678.8616937,5343.794496
1211679.2606688,5344.193504
1211679.3276791,5344.26048
1211680.0787171,5345.011488
1211680.6337035,5345.566496
1211681.3387086,5346.271488
1211682.276693,5347.209504
1211682.3247285,5347.257504
1211682.665729,5347.598496
1211682.8755951,5347.80848
1211683.602516,5348.535488
1211683.8496634,5348.782496
1211684.6316426,5349.56448
1211684.9787012,5349.911488
1211685.8355326,5350.76848
1211686.6006892,5351.534496
1211687.3035612,5352.23648
1211687.8536403,5352.786496
1211687.9306501,5352.86448
1211688.0236562,5352.957504
1211688.5416232,5353.475488
1211689.0544362,5353.987488
1211689.9126261,5354.845504
1211690.1345017,5355.06848
1211690.6625869,5355.59648
1211690.9004813,5355.833504
1211691.3374489,5356.270496
1211692.0885191,5357.021504
1211692.5845572,5357.518496
1211693.163458,5358.097504
1211693.5863968,5358.519488
1211694.1364664,5359.069504
1211695.1324591,5360.065504
1211695.4484007,5360.381504
1211695.8804309,5360.814496
1211696.7715605,5361.705504
1211696.83449935,5361.76848
1211697.41141355,5362.345504
1211697.92840185,5362.862496
1211698.44742215,5363.38048
1211699.32036645,5364.253504
1211700.19631315,5365.129504
1211700.45953885,5365.393504
1211700.87739125,5365.810496
1211701.71930785,5366.65248
1211701.88121575,5366.814496
1211702.50532455,5367.438496
1211703.00325755,5367.93648
1211703.71318265,5368.646496
1211704.10316395,5369.03648
1211704.14825095,5369.081504
1211704.71117925,5369.64448
1211705.46430425,5370.397504
1211705.80825345,5370.741504
1211706.38331725,5371.31648
1211707.24308425,5372.17648
1211707.79225695,5372.726496
1211708.63617385,5373.570496
1211708.86713255,5373.80048
1211709.19422825,5374.127488
1211709.46009115,5374.393504
1211709.65715055,5374.590496
1211710.21708145,5375.150496
1211710.98109355,5375.915488
1211711.77122825,5376.705504
1211711.96008685,5376.893504
1211712.23110995,5377.16448
1211712.70895075,5377.642496
1211713.61730585,5378.551488
1211714.58804955,5379.521504
1211715.30299195,5380.23648
1211715.45208725,5380.385504
1211715.48104605,5380.414496
1211716.05710085,5380.990496
1211716.27808325,5381.211488
1211716.92910025,5381.862496
1211717.18010075,5382.113504
1211717.64914815,5382.583488
1211718.02301555,5382.95648
1211718.40095035,5383.334496
1211719.03893465,5383.97248
1211719.99084885,5384.92448
1211720.03785185,5384.971488
1211720.15695105,5385.090496
1211720.68000345,5385.614496
1211721.53778465,5386.471488
1211722.33497185,5387.269504
1211722.99284935,5387.926496
1211723.73185615,5388.665504
1211724.31984945,5389.253504
1211724.67391835,5389.607488
1211724.88178825,5389.815488
1211725.22978985,5390.163488
1211725.42781675,5390.361504
1211725.69374475,5390.627488
1211726.39780645,5391.331488
1211726.71482315,5391.649504
1211727.21069245,5392.14448
1211727.83579645,5392.769504
1211728.49164865,5393.425504
1211729.40075025,5394.334496
1211729.53967355,5394.473504
1211730.14881075,5395.082496
1211730.89882095,5395.83248
1211731.58574895,5396.519488
1211732.50876275,5397.442496
1211733.05580075,5397.989504
1211733.22961455,5398.163488
1211733.35267655,5398.287488
1211734.29759615,5399.231488
1211734.90155705,5399.835488
1211734.99361555,5399.927488
1211735.47570165,5400.409504
1211736.35557075,5401.289504
1211737.05475595,5401.98848
1211737.38671375,5402.321504
1211737.53856865,5402.47248
1211737.99168645,5402.926496
1211738.24155525,5403.175488
1211739.19789045,5404.13248
1211739.58660095,5404.521504
1211740.20858435,5405.143488
1211740.96157565,5405.895488
1211741.28958455,5406.223488
1211741.93049655,5406.86448
1211742.44396615,5407.378496
1211743.25551325,5408.190496
1211744.11061035,5409.045504
1211744.42949185,5409.363488
1211744.96135315,5409.895488
1211745.30542925,5410.239488
1211746.07044615,5411.00448
1211746.91242275,5411.846496
1211747.64538995,5412.579488
1211748.10942045,5413.04448
1211748.60155175,5413.535488
1211748.94438405,5413.878496
1211749.25138645,5414.185504
1211749.68240385,5414.61648
1211750.30520225,5415.239488
1211750.61835525,5415.55248
1211751.24426205,5416.178496
1211751.77230315,5416.706496
1211752.56959605,5417.50448
1211753.56631965,5418.50048
1211753.82141295,5418.75648
1211754.55628885,5419.490496
1211755.04125045,5419.975488
1211755.53824615,5420.47248
1211756.48428025,5421.418496
1211757.02224605,5421.957504
1211757.89120245,5422.825504
1211758.14715285,5423.081504
1211758.81922505,5423.754496
1211759.10013775,5424.034496
1211759.40015735,5424.334496
1211759.80818265,5424.742496
1211760.09011635,5425.02448
1211760.21213095,5425.146496
1211760.39914325,5425.333504
1211760.50916815,5425.443488
1211761.21013165,5426.14448
1211762.07812105,5427.01248
1211762.67104295,5427.605504
1211763.27416955,5428.20848
1211764.13201805,5429.066496
1211764.38410855,5429.318496
1211765.14712565,5430.081504
1211765.56197695,5430.49648
1211765.77303245,5430.707488
1211766.75816985,5431.693504
1211767.61904565,5432.553504
1211767.65104795,5432.585504
1211768.28700635,5433.222496
1211768.93001725,5433.86448
1211769.69496085,5434.629504
1211769.80395555,5434.738496
1211770.76304125,5435.697504
1211771.10786305,5436.042496
1211771.48202865,5436.41648
1211772.25899575,5437.193504
1211772.58592955,5437.521504
1211772.94390545,5437.879488
1211773.33988525,5438.274496
1211774.34288575,5439.277504
1211774.82482605,5439.759488
1211775.333833,5440.269504
1211775.5068152,5440.441504
1211775.9719974,5440.907488
1211776.1538484,5441.08848
1211776.257834,5441.19248
1211776.3317574,5441.266496
1211776.5119812,5441.447488
1211776.7727709,5441.707488
1211777.2937719,5442.22848
1211777.9128167,5442.847488
1211778.6937357,5443.62848
1211779.6338213,5444.56848
1211779.845855,5444.78048
1211779.9817919,5444.91648
1211779.9956573,5444.930496
1211780.9827684,5445.917504
1211781.0538987,5445.989504
1211781.3597309,5446.294496
1211782.3227415,5447.257504
1211783.0146683,5447.949504
1211783.849647,5448.78448
1211784.4926667,5449.427488
1211784.5426636,5449.477504
1211785.0536593,5449.98848
1211785.2567202,5450.191488
1211785.716745,5450.651488
1211786.661653,5451.597504
1211787.4166563,5452.351488
1211787.8237694,5452.759488
1211788.6167222,5453.55248
1211788.9786644,5453.913504
1211789.4605372,5454.395488
1211790.0736631,5455.00848
1211790.1966143,5455.131488
1211790.5395173,5455.474496
1211790.6204902,5455.555488
1211790.9354432,5455.870496
1211791.1635679,5456.098496
1211791.2755109,5456.210496
1211792.2025772,5457.138496
1211792.881734,5457.817504
1211793.6644855,5458.599488
1211793.7974357,5458.73248
1211793.8097309,5458.745504
1211794.8044774,5459.739488
1211794.9826266,5459.918496
1211795.7324812,5460.667488
1211795.9353965,5460.870496
1211796.2954478,5461.230496
1211797.0885444,5462.02448
1211797.35144085,5462.286496
1211797.41235465,5462.347488
1211797.85480095,5462.789504
1211798.17748755,5463.113504
1211798.83834145,5463.773504
1211799.72541745,5464.66048
1211799.87132615,5464.806496
